Detector;Time;qPKW;qLKW;vPKW;vLKW
320209307_0;39346;1;0;0;0
320209307_0;39350;1;0;0;0
320209307_0;39352;1;0;0;0
320209307_0;39354;1;0;0;0
320209307_0;39356;1;0;0;0
320209307_0;39360;1;0;0;0
320209307_0;39362;2;0;0;0
320209307_0;39364;1;0;0;0
320209307_0;39365;1;0;0;0
320209307_0;39366;3;0;0;0
320209307_0;39367;3;0;0;0
320209307_0;39368;1;0;0;0
320209307_0;39369;2;0;0;0
320209307_0;39370;2;0;0;0
320209307_0;39371;3;0;0;0
320209307_0;39372;1;0;0;0
320209307_0;39373;1;0;0;0
320209307_0;39375;2;0;0;0
320209307_0;39376;1;0;0;0
320209307_0;39377;3;0;0;0
320209307_0;39378;1;0;0;0
320209307_0;39379;3;0;0;0
320209307_0;39380;1;0;0;0
320209307_0;39381;1;0;0;0
320209307_0;39382;1;0;0;0
320209307_0;39383;1;0;0;0
320209307_0;39384;1;0;0;0
320209307_0;39385;4;0;0;0
320209307_0;39387;1;0;0;0
320209307_0;39388;1;0;0;0
320209307_0;39389;2;0;0;0
320209307_0;39391;1;0;0;0
320209307_0;39392;1;0;0;0
320209307_0;39394;1;0;0;0
320209307_0;39395;2;0;0;0
320209307_0;39397;1;0;0;0
320209307_0;39400;3;0;0;0
320209307_0;39401;1;0;0;0
320209307_0;39402;2;0;0;0
320209307_0;39404;4;0;0;0
320209307_0;39407;1;0;0;0
320209307_0;39408;1;0;0;0
320209307_0;39409;1;0;0;0
320209307_0;39415;1;0;0;0
320209307_0;39416;2;0;0;0
320209307_0;39419;3;0;0;0
320209307_0;39420;2;0;0;0
320209307_0;39422;2;0;0;0
320209307_0;39423;1;0;0;0
320209307_0;39428;3;0;0;0
320209307_0;39432;1;0;0;0
320209307_0;39433;1;0;0;0
320209307_0;39434;2;0;0;0
320209307_0;39435;1;0;0;0
320209307_0;39438;2;0;0;0
320209307_0;39439;2;0;0;0
320209307_0;39442;1;0;0;0
320209307_0;39443;1;0;0;0
320209307_0;39444;1;0;0;0
320209307_0;39445;1;0;0;0
320209307_0;39450;2;0;0;0
320209307_0;39452;1;0;0;0
320209307_0;39454;1;0;0;0
320209307_0;39455;2;0;0;0
320209307_0;39459;1;0;0;0
320209307_0;39461;2;0;0;0
320209307_0;39463;1;0;0;0
320209307_0;39464;2;0;0;0
320209307_0;39465;2;0;0;0
320209307_0;39466;1;0;0;0
320209307_0;39468;1;0;0;0
320209307_0;39469;1;0;0;0
320209307_0;39470;1;0;0;0
320209307_0;39471;1;0;0;0
320209307_0;39472;1;0;0;0
320209307_0;39473;1;0;0;0
320209307_0;39475;2;0;0;0
320209307_0;39484;1;0;0;0
320209307_0;39485;2;0;0;0
320209307_0;39487;1;0;0;0
320209307_0;39488;2;0;0;0
320209307_0;39491;1;0;0;0
320209307_0;39493;1;0;0;0
320209307_0;39496;1;0;0;0
320209307_0;39497;1;0;0;0
320209307_0;39499;1;0;0;0
320209307_0;39500;1;0;0;0
320209307_0;39504;1;0;0;0
320209307_0;39505;2;0;0;0
320209307_0;39507;1;0;0;0
320209307_0;39508;1;0;0;0
320209307_0;39511;1;0;0;0
320209307_0;39512;2;0;0;0
320209307_0;39513;1;0;0;0
320209307_0;39515;1;0;0;0
320209307_0;39516;3;0;0;0
320209307_0;39519;2;0;0;0
320209307_0;39522;1;0;0;0
320209307_0;39523;4;0;0;0
320209307_0;39524;1;0;0;0
320209307_0;39527;2;0;0;0
320209307_0;39531;1;0;0;0
320209307_0;39532;1;0;0;0
320209307_0;39533;1;0;0;0
320209307_0;39534;1;0;0;0
320209307_0;39535;2;0;0;0
320209307_0;39539;2;0;0;0
320209307_0;39548;1;0;0;0
320209307_0;39549;1;0;0;0
320209307_0;39550;1;0;0;0
320209307_0;39552;2;0;0;0
320209307_0;39553;1;0;0;0
320209307_0;39558;1;0;0;0
320209307_0;39559;1;0;0;0
320209307_0;39561;2;0;0;0
320209307_0;39563;2;0;0;0
320209307_0;39565;2;0;0;0
320209307_0;39566;2;0;0;0
320209307_0;39567;2;0;0;0
320209307_0;39568;1;0;0;0
320209307_0;39569;2;0;0;0
320209307_0;39570;1;0;0;0
320209307_0;39571;2;0;0;0
320209307_0;39574;3;0;0;0
320209307_0;39577;1;0;0;0
320209307_0;39578;1;0;0;0
320209307_0;39580;1;0;0;0
320209307_0;39581;1;0;0;0
320209307_0;39582;3;0;0;0
320209307_0;39583;1;0;0;0
320209307_0;39584;1;0;0;0
320209307_0;39585;1;0;0;0
320209307_0;39590;1;0;0;0
320209307_0;39592;1;0;0;0
320209307_0;39594;1;0;0;0
320209307_0;39595;3;0;0;0
320209307_0;39596;2;0;0;0
320209307_0;39598;2;0;0;0
320209307_0;39599;2;0;0;0
320209307_0;39600;1;0;0;0
320209307_0;39604;1;0;0;0
320209307_0;39605;1;0;0;0
320209307_0;39609;1;0;0;0
320209307_0;39610;1;0;0;0
320209307_0;39612;1;0;0;0
320209307_0;39614;1;0;0;0
320209307_0;39616;1;0;0;0
320209307_0;39618;1;0;0;0
320209307_0;39622;1;0;0;0
320209307_0;39623;1;0;0;0
320209307_0;39624;1;0;0;0
320209307_0;39625;1;0;0;0
320209307_0;39626;1;0;0;0
320209307_0;39630;3;0;0;0
320209307_0;39632;1;0;0;0
320209307_0;39633;1;0;0;0
320209307_0;39634;1;0;0;0
320209307_0;39635;1;0;0;0
320209307_0;39639;2;0;0;0
320209307_0;39641;2;0;0;0
320209307_0;39642;1;0;0;0
320209307_0;39645;3;0;0;0
320209307_0;39647;1;0;0;0
320209307_0;39648;1;0;0;0
320209307_0;39649;1;0;0;0
320209307_0;39651;2;0;0;0
320209307_0;39652;2;0;0;0
320209307_0;39654;1;0;0;0
320209307_0;39655;2;0;0;0
320209307_0;39656;2;0;0;0
320209307_0;39657;1;0;0;0
320209307_0;39660;1;0;0;0
320209307_0;39661;1;0;0;0
320209307_0;39662;2;0;0;0
320209307_0;39664;1;0;0;0
320209307_0;39665;1;0;0;0
320209307_0;39666;1;0;0;0
320209307_0;39667;1;0;0;0
320209307_0;39668;1;0;0;0
320209307_0;39671;1;0;0;0
320209307_0;39674;1;0;0;0
320209307_0;39676;4;0;0;0
320209307_0;39677;1;0;0;0
320209307_0;39678;1;0;0;0
320209307_0;39679;1;0;0;0
320209307_0;39680;1;0;0;0
320209307_0;39683;1;0;0;0
320209307_0;39685;1;0;0;0
320209307_0;39686;1;0;0;0
320209307_0;39692;2;0;0;0
320209307_0;39694;2;0;0;0
320209307_0;39696;1;0;0;0
320209307_0;39697;1;0;0;0
320209307_0;39698;1;0;0;0
320209307_0;39699;2;0;0;0
320209307_0;39700;1;0;0;0
320209307_0;39701;1;0;0;0
320209307_0;39703;1;0;0;0
320209307_0;39704;1;0;0;0
320209307_0;39705;2;0;0;0
320209307_0;39707;1;0;0;0
320209307_0;39708;1;0;0;0
320209307_0;39709;5;0;0;0
320209307_0;39710;1;0;0;0
320209307_0;39714;1;0;0;0
320209307_0;39715;2;0;0;0
320209307_0;39716;2;0;0;0
320209307_0;39720;1;0;0;0
320209307_0;39724;1;0;0;0
320209307_0;39726;1;0;0;0
320209307_0;39727;2;0;0;0
320209307_0;39728;1;0;0;0
320209307_0;39729;1;0;0;0
320209307_0;39730;1;0;0;0
320209307_0;39731;1;0;0;0
320209307_0;39732;1;0;0;0
320209307_0;39734;1;0;0;0
320209307_0;39735;1;0;0;0
320209307_0;39737;1;0;0;0
320209307_0;39738;2;0;0;0
320209307_0;39739;3;0;0;0
320209307_0;39741;1;0;0;0
320209307_0;39742;1;0;0;0
320209307_0;39743;1;0;0;0
320209307_0;39745;1;0;0;0
320209307_0;39747;1;0;0;0
320209307_0;39748;1;0;0;0
320209307_0;39750;2;0;0;0
320209307_0;39751;1;0;0;0
320209307_0;39752;2;0;0;0
320209307_0;39756;1;0;0;0
320209307_0;39757;1;0;0;0
320209307_0;39758;2;0;0;0
320209307_0;39760;2;0;0;0
320209307_0;39761;1;0;0;0
320209307_0;39762;1;0;0;0
320209307_0;39764;1;0;0;0
320209307_0;39765;1;0;0;0
320209307_0;39766;1;0;0;0
320209307_0;39768;1;0;0;0
320209307_0;39769;1;0;0;0
320209307_0;39771;1;0;0;0
320209307_0;39773;1;0;0;0
320209307_0;39775;2;0;0;0
320209307_0;39776;1;0;0;0
320209307_0;39779;2;0;0;0
320209307_0;39780;3;0;0;0
320209307_0;39782;4;0;0;0
320209307_0;39784;1;0;0;0
320209307_0;39786;1;0;0;0
320209307_0;39787;2;0;0;0
320209307_0;39788;1;0;0;0
320209307_0;39789;1;0;0;0
320209307_0;39790;1;0;0;0
320209307_0;39795;1;0;0;0
320209307_0;39796;2;0;0;0
320209307_0;39800;1;0;0;0
320209307_0;39801;1;0;0;0
320209307_0;39804;2;0;0;0
320209307_0;39805;2;0;0;0
320209307_0;39806;1;0;0;0
320209307_0;39808;1;0;0;0
320209307_0;39809;3;0;0;0
320209307_0;39811;2;0;0;0
320209307_0;39813;3;0;0;0
320209307_0;39816;1;0;0;0
320209307_0;39818;1;0;0;0
320209307_0;39821;2;0;0;0
320209307_0;39824;2;0;0;0
320209307_0;39825;2;0;0;0
320209307_0;39826;1;0;0;0
320209307_0;39827;2;0;0;0
320209307_0;39829;1;0;0;0
320209307_0;39830;1;0;0;0
320209307_0;39831;2;0;0;0
320209307_0;39832;1;0;0;0
320209307_0;39834;2;0;0;0
320209307_0;39836;1;0;0;0
320209307_0;39838;1;0;0;0
320209307_0;39841;1;0;0;0
320209307_0;39842;1;0;0;0
320209307_0;39846;1;0;0;0
320209307_0;39847;1;0;0;0
320209307_0;39848;2;0;0;0
320209307_0;39849;1;0;0;0
320209307_0;39851;1;0;0;0
320209307_0;39858;1;0;0;0
320209307_0;39860;1;0;0;0
320209307_0;39861;2;0;0;0
320209307_0;39862;2;0;0;0
320209307_0;39873;1;0;0;0
320209307_0;39874;1;0;0;0
320209307_0;39876;1;0;0;0
320209307_0;39877;2;0;0;0
320209307_0;39878;2;0;0;0
320209307_0;39880;1;0;0;0
320209307_0;39882;1;0;0;0
320209307_0;39885;1;0;0;0
320209307_0;39887;1;0;0;0
320209307_0;39889;1;0;0;0
320209307_0;39890;1;0;0;0
320209307_0;39891;2;0;0;0
320209307_0;39892;1;0;0;0
320209307_0;39893;1;0;0;0
320209307_0;39894;1;0;0;0
320209307_0;39895;6;0;0;0
320209307_0;39896;1;0;0;0
320209307_0;39898;1;0;0;0
320209307_0;39900;2;0;0;0
320209307_0;39901;1;0;0;0
320209307_0;39902;1;0;0;0
320209307_0;39911;1;0;0;0
320209307_0;39913;1;0;0;0
320209307_0;39915;1;0;0;0
320209307_0;39916;1;0;0;0
320209307_0;39922;1;0;0;0
320209307_0;39924;1;0;0;0
320209307_0;39925;1;0;0;0
320209307_0;39926;2;0;0;0
320209307_0;39927;1;0;0;0
320209307_0;39928;3;0;0;0
320209307_0;39929;5;0;0;0
320209307_0;39933;1;0;0;0
320209307_0;39938;1;0;0;0
320209307_0;39941;2;0;0;0
320209307_0;39942;4;0;0;0
320209307_0;39943;1;0;0;0
320209307_0;39944;2;0;0;0
320209307_0;39945;1;0;0;0
320209307_0;39946;1;0;0;0
320209307_0;39947;1;0;0;0
320209307_0;39950;1;0;0;0
320209307_0;39951;1;0;0;0
320209307_0;39953;2;0;0;0
320209307_0;39954;1;0;0;0
320209307_0;39956;1;0;0;0
320209307_0;39957;1;0;0;0
320209307_0;39959;1;0;0;0
320209307_0;39962;2;0;0;0
320209307_0;39966;3;0;0;0
320209307_0;39972;1;0;0;0
320209307_0;39973;2;0;0;0
320209307_0;39974;1;0;0;0
320209307_0;39978;2;0;0;0
320209307_0;39979;1;0;0;0
320209307_0;39980;2;0;0;0
320209307_0;39981;2;0;0;0
320209307_0;39982;1;0;0;0
320209307_0;39983;1;0;0;0
320209307_0;39986;2;0;0;0
320209307_0;39995;1;0;0;0
320209307_0;40002;1;0;0;0
320209307_0;40006;1;0;0;0
320209307_0;40007;1;0;0;0
320209307_0;40011;1;0;0;0
320209307_0;40012;1;0;0;0
320209307_0;40014;2;0;0;0
320209307_0;40015;1;0;0;0
320209307_0;40016;1;0;0;0
320209307_0;40018;3;0;0;0
320209307_0;40022;1;0;0;0
320209307_0;40023;1;0;0;0
320209307_0;40025;2;0;0;0
320209307_0;40027;1;0;0;0
320209307_0;40028;2;0;0;0
320209307_0;40029;1;0;0;0
320209307_0;40032;1;0;0;0
320209307_0;40034;1;0;0;0
320209307_0;40035;1;0;0;0
320209307_0;40036;1;0;0;0
320209307_0;40037;1;0;0;0
320209307_0;40044;1;0;0;0
320209307_0;40045;2;0;0;0
320209307_0;40046;1;0;0;0
320209307_0;40047;2;0;0;0
320209307_0;40048;2;0;0;0
320209307_0;40049;1;0;0;0
320209307_0;40050;3;0;0;0
320209307_0;40052;1;0;0;0
320209307_0;40053;1;0;0;0
320209307_0;40054;2;0;0;0
320209307_0;40056;2;0;0;0
320209307_0;40058;1;0;0;0
320209307_0;40059;1;0;0;0
320209307_0;40060;2;0;0;0
320209307_0;40061;1;0;0;0
320209307_0;40065;1;0;0;0
320209307_0;40068;1;0;0;0
320209307_0;40071;1;0;0;0
320209307_0;40073;1;0;0;0
320209307_0;40075;1;0;0;0
320209307_0;40078;1;0;0;0
320209307_0;40079;1;0;0;0
320209307_0;40080;1;0;0;0
320209307_0;40081;1;0;0;0
320209307_0;40082;3;0;0;0
320209307_0;40083;2;0;0;0
320209307_0;40085;3;0;0;0
320209307_0;40086;3;0;0;0
320209307_0;40087;1;0;0;0
320209307_0;40091;1;0;0;0
320209307_0;40094;1;0;0;0
320209307_0;40098;1;0;0;0
320209307_0;40100;2;0;0;0
320209307_0;40101;2;0;0;0
320209307_0;40103;2;0;0;0
320209307_0;40106;1;0;0;0
320209307_0;40107;1;0;0;0
320209307_0;40108;1;0;0;0
320209307_0;40109;1;0;0;0
320209307_0;40113;1;0;0;0
320209307_0;40114;1;0;0;0
320209307_0;40117;1;0;0;0
320209307_0;40121;1;0;0;0
320209307_0;40122;1;0;0;0
320209307_0;40126;1;0;0;0
320209307_0;40128;1;0;0;0
320209307_0;40129;1;0;0;0
320209307_0;40130;1;0;0;0
320209307_0;40131;1;0;0;0
320209307_0;40132;1;0;0;0
320209307_0;40133;2;0;0;0
320209307_0;40134;1;0;0;0
320209307_0;40136;1;0;0;0
320209307_0;40137;1;0;0;0
320209307_0;40138;2;0;0;0
320209307_0;40140;5;0;0;0
320209307_0;40141;3;0;0;0
320209307_0;40142;2;0;0;0
320209307_0;40143;1;0;0;0
320209307_0;40144;1;0;0;0
320209307_0;40145;1;0;0;0
320209307_0;40146;4;0;0;0
320209307_0;40147;1;0;0;0
320209307_0;40149;2;0;0;0
320209307_0;40150;1;0;0;0
320209307_0;40153;1;0;0;0
320209307_0;40155;1;0;0;0
320209307_0;40164;1;0;0;0
320209307_0;40167;1;0;0;0
320209307_0;40168;1;0;0;0
320209307_0;40171;1;0;0;0
320209307_0;40172;1;0;0;0
320209307_0;40176;1;0;0;0
320209307_0;40178;4;0;0;0
320209307_0;40180;1;0;0;0
320209307_0;40182;1;0;0;0
320209307_0;40183;1;0;0;0
320209307_0;40185;1;0;0;0
320209307_0;40186;1;0;0;0
320209307_0;40187;1;0;0;0
320209307_0;40189;1;0;0;0
320209307_0;40192;1;0;0;0
320209307_0;40193;1;0;0;0
320209307_0;40194;1;0;0;0
320209307_0;40197;1;0;0;0
320209307_0;40199;1;0;0;0
320209307_0;40200;2;0;0;0
320209307_0;40201;2;0;0;0
320209307_0;40206;2;0;0;0
320209307_0;40211;1;0;0;0
320209307_0;40214;2;0;0;0
320209307_0;40217;1;0;0;0
320209307_0;40219;1;0;0;0
320209307_0;40220;1;0;0;0
320209307_0;40221;1;0;0;0
320209307_0;40222;1;0;0;0
320209307_0;40225;1;0;0;0
320209307_0;40226;1;0;0;0
320209307_0;40227;2;0;0;0
320209307_0;40229;1;0;0;0
320209307_0;40230;1;0;0;0
320209307_0;40231;1;0;0;0
320209307_0;40233;1;0;0;0
320209307_0;40235;1;0;0;0
320209307_0;40236;1;0;0;0
320209307_0;40237;1;0;0;0
320209307_0;40238;2;0;0;0
320209307_0;40239;1;0;0;0
320209307_0;40240;1;0;0;0
320209307_0;40242;1;0;0;0
320209307_0;40244;2;0;0;0
320209307_0;40245;2;0;0;0
320209307_0;40248;2;0;0;0
320209307_0;40249;1;0;0;0
320209307_0;40250;2;0;0;0
320209307_0;40251;1;0;0;0
320209307_0;40252;1;0;0;0
320209307_0;40253;1;0;0;0
320209307_0;40256;1;0;0;0
320209307_0;40257;2;0;0;0
320209307_0;40258;1;0;0;0
320209307_0;40260;1;0;0;0
320209307_0;40264;1;0;0;0
320209307_0;40266;1;0;0;0
320209307_0;40268;1;0;0;0
320209307_0;40271;2;0;0;0
320209307_0;40272;1;0;0;0
320209307_0;40278;1;0;0;0
320209307_0;40284;1;0;0;0
320209307_0;40290;1;0;0;0
320209307_0;40291;1;0;0;0
320209307_0;40294;2;0;0;0
320209307_0;40296;1;0;0;0
320209307_0;40297;1;0;0;0
320209307_0;40298;1;0;0;0
320209307_0;40299;2;0;0;0
320209307_0;40301;1;0;0;0
320209307_0;40302;1;0;0;0
320209307_0;40305;1;0;0;0
320209307_0;40309;1;0;0;0
320209307_0;40310;1;0;0;0
320209307_0;40311;1;0;0;0
320209307_0;40313;2;0;0;0
320209307_0;40318;2;0;0;0
320209307_0;40321;1;0;0;0
320209307_0;40326;1;0;0;0
320209307_0;40328;1;0;0;0
320209307_0;40331;1;0;0;0
320209307_0;40332;2;0;0;0
320209307_0;40334;2;0;0;0
320209307_0;40335;1;0;0;0
320209307_0;40337;1;0;0;0
320209307_0;40338;2;0;0;0
320209307_0;40340;1;0;0;0
320209307_0;40343;2;0;0;0
320209307_0;40345;1;0;0;0
320209307_0;40347;1;0;0;0
320209307_0;40348;1;0;0;0
320209307_0;40349;1;0;0;0
320209307_0;40350;1;0;0;0
320209307_0;40352;2;0;0;0
320209307_0;40353;2;0;0;0
320209307_0;40354;1;0;0;0
320209307_0;40356;1;0;0;0
320209307_0;40357;1;0;0;0
320209307_0;40359;1;0;0;0
320209307_0;40362;1;0;0;0
320209307_0;40363;1;0;0;0
320209307_0;40364;1;0;0;0
320209307_0;40365;2;0;0;0
320209307_0;40367;1;0;0;0
320209307_0;40369;2;0;0;0
320209307_0;40373;1;0;0;0
320209307_0;40380;1;0;0;0
320209307_0;40382;1;0;0;0
320209307_0;40383;2;0;0;0
320209307_0;40384;1;0;0;0
320209307_0;40385;1;0;0;0
320209307_0;40386;1;0;0;0
320209307_0;40389;1;0;0;0
320209307_0;40390;1;0;0;0
320209307_0;40391;1;0;0;0
320209307_0;40394;1;0;0;0
320209307_0;40398;1;0;0;0
320209307_0;40399;1;0;0;0
320209307_0;40409;1;0;0;0
320209307_0;40410;1;0;0;0
320209307_0;40412;1;0;0;0
320209307_0;40413;1;0;0;0
320209307_0;40414;1;0;0;0
320209307_0;40420;2;0;0;0
320209307_0;40421;3;0;0;0
320209307_0;40422;1;0;0;0
320209307_0;40424;1;0;0;0
320209307_0;40425;2;0;0;0
320209307_0;40427;1;0;0;0
320209307_0;40431;1;0;0;0
320209307_0;40432;1;0;0;0
320209307_0;40435;2;0;0;0
320209307_0;40436;1;0;0;0
320209307_0;40437;1;0;0;0
320209307_0;40438;1;0;0;0
320209307_0;40439;2;0;0;0
320209307_0;40440;1;0;0;0
320209307_0;40441;1;0;0;0
320209307_0;40442;1;0;0;0
320209307_0;40443;1;0;0;0
320209307_0;40444;1;0;0;0
320209307_0;40446;2;0;0;0
320209307_0;40457;2;0;0;0
320209307_0;40458;1;0;0;0
320209307_0;40460;1;0;0;0
320209307_0;40462;1;0;0;0
320209307_0;40463;2;0;0;0
320209307_0;40465;3;0;0;0
320209307_0;40467;1;0;0;0
320209307_0;40469;1;0;0;0
320209307_0;40470;1;0;0;0
320209307_0;40472;3;0;0;0
320209307_0;40473;1;0;0;0
320209307_0;40475;2;0;0;0
320209307_0;40477;1;0;0;0
320209307_0;40478;2;0;0;0
320209307_0;40479;1;0;0;0
320209307_0;40482;2;0;0;0
320209307_0;40483;1;0;0;0
320209307_0;40488;1;0;0;0
320209307_0;40492;1;0;0;0
320209307_0;40493;1;0;0;0
320209307_0;40495;1;0;0;0
320209307_0;40496;2;0;0;0
320209307_0;40497;1;0;0;0
320209307_0;40500;1;0;0;0
320209307_0;40502;1;0;0;0
320209307_0;40504;1;0;0;0
320209307_0;40505;1;0;0;0
320209307_0;40511;1;0;0;0
